
INSERT INTO USUARIO(
	NOME_USUARIO, CPF_US, RUA_US, ESTADO_US, CIDADE_US, CEP_US, EMAIL_US, TELEFONE_US, CELULAR_US, PONTOS_US, SEXO_US, DATA_NASC) 
	VALUES
		('JOAO','00000000001','RUA A','CE','QUIXADÁ','639044','JA@GMAIL.COM','34123400','8899211223344',0,'M','2000-07-12'),
		('ANTONIO','00000000002','RUA B','CE','QUIXADÁ','639045','AN@GMAIL.COM','34123401','8899211223345',0,'M','2000-03-19'),
		('FRANCISCA','00000000003','RUA C','CE','QUIXADÁ','639046','@GMAIL.COM','34123402','8899211223346',0,'F','2000-05-01'),
		('CARLOS','00000000004','RUA D','CE','QUIXADÁ','639047','JA@GMAIL.COM','34123403','8899211223347',0,'M','2000-11-02'),
		('MARINA','00000000005','RUA E','CE','QUIXADÁ','639048','JA@GMAIL.COM','34123404','8899211223348',0,'F','2000-12-03'),
		('RAIMUNDO','00000000006','RUA F','CE','QUIXADÁ','639049','JA@GMAIL.COM','34123405','8899211223349',0,'M','2000-05-04'),
		('SILENE','00000000007','RUA G','CE','QUIXADÁ','639050','JA@GMAIL.COM','34123406','8899211223350',0,'F','2000-01-05'),
		('MARIA','00000000008','RUA H','CE','QUIXADÁ','639051','JA@GMAIL.COM','34123407','8899211223351',0,'F','2000-02-06'),
		('FLAVIO','00000000009','RUA I','CE','QUIXADÁ','639052','JA@GMAIL.COM','34123408','8899211223352',0,'M','2000-07-07'),
		('EVILAZIO','00000000010','RUA J','CE','QUIXADÁ','639053','JA@GMAIL.COM','34123409','8899211223353',0,'M','2000-07-09');

SELECT * FROM USUARIO

-----------------------------------------------------------------------------------------------

INSERT INTO PROMOTOR(
    NOME_PROMOTOR,
	ID_USUARIO_FK,
	CNPJ,
    PONTOS_PROM
)VALUES
	('CASAS BAHIA',1,'00001', 0),
	('NAPOLITANO IMOVEIS',2,'00002', 0),
	('TOMAS MECANICA',3,'00003', 0),
	('PADARIA FIRMINO', 4,'00004', 0),
	('JOAO FERREIRO',5,'00005', 0),
	('CRISTIANO MOTOS',6,'00006', 0),
	('LOJAS PADRE CICERO',7,'00007', 0),
	('LOJA SANTOAMARO',8,'00008', 0),
	('BRAGA MOTOS',9,'00009', 0),
	('EFAGAMES',10, '00010', 0);

SELECT * FROM PROMOTOR

-----------------------------------------------------------------------------------------------

INSERT INTO PARTICIPANTE(
	ID_USUARIO_FK
)VALUES
	(1), (2), (3), (4), (5), (6), (7), (8), (9), (10);

SELECT * FROM PARTICIPANTE

-----------------------------------------------------------------------------------------------

INSERT INTO EVENTO(
	DATA_INICIO_EVENTO,
	DATA_FIM_EVENTO,
	DESCRICAO_EVENTO,
	NOME_EVENTO)VALUES
	('2020-01-09','2022-12-12', 'JOVEM CIDADÃO','EVENTO DE ATIVIDADES VOLTADAS A POPULAÇÃO JOVEM'),
	('2021-02-09','2022-10-12', 'TERCEIRA IDADE + VIVA','EVENTO DE ATIVIDADE VOLTADAS PARA A TERCEIRA IDADE'),
	('2021-08-09','2022-10-12', 'MÃO AMIGA','EVENTO DE ARRECADAÇÃO DE ALIMENTOS DO SERTÃO CENTRAL'),
	('2022-08-09','2022-10-12', 'JOVEM CIDADÃO','EVENTO DE ATIVIDADES VOLTADAS A POPULAÇÃO JOVEM'),
	('2019-02-09','2022-10-12', 'TERCEIRA IDADE + VIVA','EVENTO DE ATIVIDADE VOLTADAS PARA A TERCEIRA IDADE'),
	('2018-05-09','2022-10-12', 'JOVEM CIDADÃO','EVENTO DE ATIVIDADES VOLTADAS A POPULAÇÃO JOVEM'),
	('2017-03-09','2022-10-12', 'MÃO AMIGA','EVENTO DE ARRECADAÇÃO DE ALIMENTOS DO SERTÃO CENTRAL'),
	('2014-02-09','2022-10-12', 'TERCEIRA IDADE + VIVA','EVENTO DE ATIVIDADE VOLTADAS PARA A TERCEIRA IDADE'),
	('2013-07-09','2022-10-12', 'MÃO AMIGA','EVENTO DE ARRECADAÇÃO DE ALIMENTOS DO SERTÃO CENTRAL'),
	('2020-08-09','2022-10-12', 'MÃO AMIGA','EVENTO DE ARRECADAÇÃO DE ALIMENTOS DO SERTÃO CENTRAL');

SELECT * FROM EVENTO

-----------------------------------------------------------------------------------------------

INSERT INTO ATIVIDADE(
	TIPO_ATV, DATA_ATV, HORARIO_ATV, RUA_ATV, ESTADO_ATV, CIDADE_ATV, NOME_ATV, DESCRICAO_ATV
)VALUES
	('ESPORTE','2019-03-29','08:30','RUA R','CE','QUIXADA','TORNEIO','TONEIO DE VOLEI DE JOVENS DA REGIÃO'),
	('GINCANA','2022-07-29','12:30','RUA S','CE','RUSSAS','FAMILIA DO SERTÃO','GINCANA DE ARRECADAÇÃO DE FUNDOS'),
	('MULTIRAO','2022-07-29','16:30','RUA T','CE','ITAPIUNA','LIMPEZA PUBLICA','MULTIRAO DE LIMPEZA DA CIDADE DE ITAPIUNA'),
	('ATO SOLIDARIO','2022-07-29','14:30','RUA U','CE','ITAPIUNA','DOAÇÃO','DOAÇÃO DE MATERIAL ESCOLAR'),
	('ESPORTE','2022-07-29','11:30','RUA V','CE','QUIXADA','TORNEIO','TORNEIO DA TERCEIRA IDADE DOS IDOSOS DE QUIXADÁ'),
	('ESPORTE','2022-07-29','07:30','RUA W','CE','IBARETAMA','TORNEIO','TORNEIO FEMININO DE VOLEI'),
	('ESPORTE','2022-07-29','07:30','RUA X','CE','ITAPIUNA','TORNEIO','CAMPEONATO DE FUTSAL DO BAIRRO PUTIU'),
	('ATO SOLIDARIO','2022-07-29','07:30','RUA Y','CE','ITAPIUNA','DOAÇÃO','DOAÇÃO DE ALIMENTOS'),
	('GINCANA','2022-07-29','09:30','RUA Z','CE','RUSSAS','FAMILIA DO SERTÃO','ENCONTRO DE JOVENS DOS BAIRROS DE ALTO E CENTRO'),
	('ESPORTE','2022-07-29','09:30','RUA J','CE','ITAPIUNA','TORNEIO','CAMPEONATO DE PEBOLIM DA UNIVERSIDADE FEDERAL DO CEARA');

SELECT * FROM ATIVIDADE

-----------------------------------------------------------------------------------------------

INSERT INTO PATROCINADOR_SEC(
	NOME_PATRO,
	RUA_PATRO,
	ESTADO_PATRO,
	CIDADE_PATRO,
	CEP_PATRO,
	EMAIL_PATRO,
	TELEFONE_PATRO,
	CELULAR_PATRO,
	ID_EVENTO_FK
)VALUES
	('JCHICO MOTOS','RUA Y','CE','QUIXADÁ','89968','JC@GMAIL.COM','42134566','88993224455',1),
	('JANTONIO MOTOS','RUA Y','CE','QUIXADÁ','89968','JA@GMAIL.COM','42134566','88993224455',1),
	('JCARLOS MOTOS','RUA Y','CE','QUIXADÁ','89968','JCC@GMAIL.COM','42134566','88993224455',1),
	('JGABRIEL MOTOS','RUA Y','CE','QUIXADÁ','89968','JG@GMAIL.COM','42134566','88993224455',1),
	('JIAGO MOTOS','RUA Y','CE','QUIXADÁ','89968','JI@GMAIL.COM','42134566','88993224455',1),
	('JLUCAS MOTOS','RUA Y','CE','QUIXADÁ','89968','JL@GMAIL.COM','42134566','88993224455',1),
	('JCHARLES MOTOS','RUA Y','CE','QUIXADÁ','89968','JCCC@GMAIL.COM','42134566','88993224455',1),
	('JFABIO MOTOS','RUA Y','CE','QUIXADÁ','89968','JF@GMAIL.COM','42134566','88993224455',1),
	('JREINALDO MOTOS','RUA Y','CE','QUIXADÁ','89968','JR@GMAIL.COM','42134566','88993224455',1),
	('JGUSTAVO MOTOS','RUA Y','CE','QUIXADÁ','89968','JGG@GMAIL.COM','42134566','88993224455',1);
	
SELECT * FROM PATROCINADOR_SEC

-----------------------------------------------------------------------------------------------

INSERT INTO ATIVIDADE_EVENTO VALUES
	(1, 1),
	(6, 1),
	(7, 1),
	(5, 1),
	(10, 1),
	(2, 1),
	(9, 1),
	(4, 3),
	(8, 3),
	(5, 4);

SELECT * FROM ATIVIDADE_EVENTO

-----------------------------------------------------------------------------------------------

INSERT INTO ORGANIZA_EVENTO VALUES
	(1,	1, '2020-01-09','2022-12-12',00001, 10),
	(2,	2, '2021-02-09','2022-10-12',00002, 10),
	(3,	3, '2021-08-09','2022-10-12',00003, 10),
	(4,	4, '2022-08-09','2022-10-12',00004, 10),
	(5,	5, '2019-02-09','2022-10-12',00005, 10),
	(6,	6, '2018-05-09','2022-10-12',00006, 10),
	(7,	7, '2017-03-09','2022-10-12',00007, 10),
	(8,	8, '2014-02-09','2022-10-12',00008, 10),
	(9,	9, '2013-07-09','2022-10-12',00009, 10),
	(10,10,'2020-08-09','2022-10-12', 00010, 10);
	
SELECT * FROM ORGANIZA_EVENTO

-----------------------------------------------------------------------------------------------

INSERT INTO PARTICIPA_EVENTO VALUES
	(1,	1, '2020-01-11', '2022-12-11', 10),
	(2,	1, '2020-01-11', '2022-12-11', 10),
	(3,	1, '2020-01-11', '2022-12-11', 10),
	(4,	1, '2020-01-11', '2022-12-11', 10),
	(5,	1, '2020-01-11', '2022-12-11', 10),
	(6,	1, '2020-01-11', '2022-12-11', 10),
	(7,	1, '2020-01-11', '2022-12-11', 10),
	(8,	1, '2020-01-11', '2022-12-11', 10),
	(9,	1, '2020-01-11', '2022-12-11', 10),
	(10,1, '2020-01-11', '2022-12-11', 10);

SELECT * FROM PARTICIPA_EVENTO

